{"Theta": [8.447349100408995e-17, 0.8839346324815557, -0.04991955777801015], "Cost": 0.12995179279524388}